name,phone,district,state,phone_cleaned
St. Ann's College for Women,040-27667849,Hyderabad,Telangana,4027667849
Osmania University College of Science,040-27682363,Hyderabad,Telangana,4027682363
Nizam College,8331997325,Hyderabad,Telangana,8331997325
SR & BGNR Govt. Degree College,0878-2230540,Karimnagar,Telangana,8782230540
Kakatiya University College,0870-2438866,Warangal,Telangana,8702438866
Aurora's Degree College,040-27660755,Hyderabad,Telangana,4027660755
St. Francis College for Women,040-23564955,Hyderabad,Telangana,4023564955
Govt. Degree College for Women,08462-222571,Nizamabad,Telangana,8462222571
Vasavi College of Engineering,040-23146001,Hyderabad,Telangana,4023146001
JNTU Hyderabad,040-23156113,Hyderabad,Telangana,4023156113
Muffakham Jah College of Engg,023-280301,Hyderabad,Telangana,023280301
Govt. City College,040-24604045,Hyderabad,Telangana,4024604045
Hyderabad Public School,040-23234251,Hyderabad,Telangana,4023234251
Narayana Junior College,18001023344,Hyderabad,Telangana,18001023344
Sri Chaitanya Junior College,040-66060606,Hyderabad,Telangana,4066060606
Osmania Medical College,040-27682363,Hyderabad,Telangana,4027682363
Deccan College of Medical Sciences,040-23310656,Hyderabad,Telangana,4023310656
Hyderabad Institute of Technology,9052223769,Hyderabad,Telangana,9052223769
Chaitanya Bharathi Institute,9849466587,Hyderabad,Telangana,9849466587
Gokaraju Rangaraju Inst of Engg,040-23044901,Hyderabad,Telangana,4023044901
KG Reddy College of Engineering,9000633008,Hyderabad,Telangana,9000633008
Mahatma Gandhi Institute of Technology,040-23044914,Hyderabad,Telangana,4023044914
Sreenidhi Institute of Science,040-27165554,Hyderabad,Telangana,4027165554
Govt. Degree College Nizamabad,08462-220423,Nizamabad,Telangana,8462220423
Govt. Degree College Karimnagar,0878-2221034,Karimnagar,Telangana,8782221034
Satavahana University College,0878-2226583,Karimnagar,Telangana,8782226583
Kakatiya Medical College,0870-2439033,Warangal,Telangana,8702439033
Warangal Institute of Technology,0870-2471200,Warangal,Telangana,8702471200
Govt. Degree College Mahbubnagar,08542-224122,Mahbubnagar,Telangana,8542224122
Palamuru University College,0854-2277144,Mahbubnagar,Telangana,8542277144
Govt. Degree College Khammam,08742-222417,Khammam,Telangana,8742222417
Telangana University College,08462-221501,Nizamabad,Telangana,8462221501
Lords Institute of Engineering,6309012442,Hyderabad,Telangana,6309012442
CVR College of Engineering,040-41525300,Hyderabad,Telangana,4041525300
TKR College of Engineering,9849477550,Hyderabad,Telangana,9849477550
Govt. Degree College Adilabad,08732-225455,Adilabad,Telangana,8732225455
Osmania University Law College,040-27682363,Hyderabad,Telangana,4027682363
St. Mary's College for Women,040-23232892,Hyderabad,Telangana,4023232892
Bhavans Vivekananda College,040-27667900,Hyderabad,Telangana,4027667900
Vardhaman College of Engineering,8688901557,Hyderabad,Telangana,8688901557
Aurora Engineering College,7036076661,Hyderabad,Telangana,7036076661
St. Xavier's College,022-22620661,Mumbai,Maharashtra,2222620661
Fergusson College,0206-7656000,Pune,Maharashtra,2067656000
Symbiosis College of Arts and Commerce,0202-5653903,Pune,Maharashtra,2025653903
Elphinstone College,022-22049237,Mumbai,Maharashtra,2222049237
Ruparel College,022-24305799,Mumbai,Maharashtra,2224305799
K.J. Somaiya College of Science,022-67283000,Mumbai,Maharashtra,2267283000
COEP Technological University,020-25507002,Pune,Maharashtra,2025507002
Wadia College,020-26143928,Pune,Maharashtra,2026143928
Govt. Vidharbha Institute of Science,0721-2662466,Amravati,Maharashtra,7212662466
ICT Mumbai (UDCT),022-33612222,Mumbai,Maharashtra,2233612222
Pune University Dept. of Chemistry,020-25601099,Pune,Maharashtra,2025601099
VPM's B N Bandodkar College,022-25394019,Thane,Maharashtra,2225394019
Wilson College,022-23663001,Mumbai,Maharashtra,2223663001
HR College of Commerce,9326306348,Mumbai,Maharashtra,9326306348
Mithibai College of Arts,022-26608000,Mumbai,Maharashtra,2226608000
KC College,9156094565,Mumbai,Maharashtra,9156094565
Sophia College for Women,022-22820823,Mumbai,Maharashtra,2222820823
Ramnarain Ruia College,022-69186201,Mumbai,Maharashtra,2269186201
Vaze Kelkar College,022-24952882,Mumbai,Maharashtra,2224952882
SP College Pune,0297-2296296,Pune,Maharashtra,2972296296
Modern College of Arts Pune,2025535468,Pune,Maharashtra,2025535468
Abasaheb Garware College,020-25656840,Pune,Maharashtra,2025656840
Brihan Maharashtra College,2067656200,Pune,Maharashtra,2067656200
Sir Parashurambhau College,0297-2296296,Pune,Maharashtra,2972296296
Govt. College of Engineering Pune,020-25507167,Pune,Maharashtra,2025507167
Visvesvaraya NIT Nagpur,0712-2223230,Nagpur,Maharashtra,7122223230
Govt. Medical College Nagpur,0712-2701133,Nagpur,Maharashtra,7122701133
Hislop College,8275490446,Nagpur,Maharashtra,8275490446
Dr. Ambedkar College Nagpur,0712-2726271,Nagpur,Maharashtra,7122726271
Walchand College of Engineering,0233-2247243,Sangli,Maharashtra,2332247243
Shivaji University College,0231-2609000,Kolhapur,Maharashtra,2312609000
DY Patil College of Engineering,020-67106000,Pune,Maharashtra,2067106000
Symbiosis Institute of Technology,020-28116200,Pune,Maharashtra,2028116200
FLAME University,18002094567,Pune,Maharashtra,18002094567
MIT College of Engineering Pune,020-30273400,Pune,Maharashtra,2030273400
Bharati Vidyapeeth College of Engg,022-25139610,Mumbai,Maharashtra,2225139610
Somaiya Vidyavihar University,022-26728301,Mumbai,Maharashtra,2226728301
NMIMS University Mumbai,080-40855555,Mumbai,Maharashtra,8040855555
Kishinchand Chellaram College,9156094565,Mumbai,Maharashtra,9156094565
Nowrosjee Wadia College,020-26143928,Pune,Maharashtra,2026143928
Dharampeth College Nagpur,0712-2557300,Nagpur,Maharashtra,7122557300
Vidyanagari Arts Commerce College,022-2708700,Mumbai,Maharashtra,0222708700
Christ University,080-40129100,Bengaluru,Karnataka,8040129100
Bangalore University College,080-22961100,Bengaluru,Karnataka,8022961100
Mount Carmel College,080-22261157,Bengaluru,Karnataka,8022261157
St. Joseph's College of Commerce,080-22212010,Bengaluru,Karnataka,8022212010
RV College of Engineering,080-67178001,Bengaluru,Karnataka,8067178001
Mysore University Constituent College,0821-2419901,Mysuru,Karnataka,8212419901
Manipal College of Arts,0820-2922073,Udupi,Karnataka,8202922073
Govt. First Grade College Gulbarga,08472-263234,Kalaburagi,Karnataka,8472263234
BMS College of Engineering,080-26622130,Bengaluru,Karnataka,8026622130
Govt. Science College Bengaluru,080-22281723,Bengaluru,Karnataka,8022281723
Jyoti Nivas College,080-25501444,Bengaluru,Karnataka,8025501444
Indian Institute of Science,080-22932004,Bengaluru,Karnataka,8022932004
National Law School of India,080-23010000,Bengaluru,Karnataka,8023010000
St. Joseph's College Bengaluru,080-25506424,Bengaluru,Karnataka,8025506424
Bishop Cotton Women's College,080-25201908,Bengaluru,Karnataka,8025201908
PES University,9901812003,Bengaluru,Karnataka,9901812003
Ramaiah Institute of Technology,080-23607902,Bengaluru,Karnataka,8023607902
Dayananda Sagar College,9916075170,Bengaluru,Karnataka,9916075170
New Horizon College of Engineering,9880534935,Bengaluru,Karnataka,9880534935
REVA University,8046966966,Bengaluru,Karnataka,8046966966
Alliance University,8046199000,Bengaluru,Karnataka,8046199000
Govt. Science College Hassan,08172-268015,Hassan,Karnataka,8172268015
Visvesvaraya Technological Univ,0831-2498100,Belagavi,Karnataka,8312498100
KLE Technological University,0836-2378103,Belagavi,Karnataka,8362378103
SDM College of Engineering,0836-2255619,Dharwad,Karnataka,8362255619
BVB College of Engineering,0831-2408022,Belagavi,Karnataka,8312408022
JSS College of Arts,0821-2548337,Mysuru,Karnataka,8212548337
Maharaja College Mysore,0821-2523720,Mysuru,Karnataka,8212523720
Yuvaraja College Mysore,0821-2548337,Mysuru,Karnataka,8212548337
Mangalore University College,9481608909,Mangaluru,Karnataka,9481608909
St. Aloysius College Mangalore,0824-4117704,Mangaluru,Karnataka,8244117704
Canara College,0824-2496600,Mangaluru,Karnataka,8242496600
Govt. First Grade College Tumkur,0816-2272004,Tumakuru,Karnataka,8162272004
Siddaganga Institute of Technology,8162282696,Tumakuru,Karnataka,8162282696
NMKRV College for Women,080-26761221,Bengaluru,Karnataka,8026761221
Seshadripuram College,080-23449234,Bengaluru,Karnataka,8023449234
CMR Institute of Technology,080-28524855,Bengaluru,Karnataka,8028524855
Global Academy of Technology,080-28603158,Bengaluru,Karnataka,8028603158
Nitte University College,9108242204300,Mangaluru,Karnataka,9108242204300
East West College of Engineering,080-28478400,Bengaluru,Karnataka,8028478400
Christ Academy Institute,080-46839900,Bengaluru,Karnataka,8046839900
Miranda House,011-27667437,Delhi,Delhi,1127667437
St. Stephen's College,011-27667271,Delhi,Delhi,1127667271
Lady Shri Ram College for Women,7827170170,Delhi,Delhi,7827170170
Kirori Mal College,011-27667861,Delhi,Delhi,1127667861
Hindu College,011-27667184,Delhi,Delhi,1127667184
Hansraj College,1127667747,Delhi,Delhi,1127667747
Ramjas College,011-27662157,Delhi,Delhi,1127662157
Indraprastha College for Women,011-47008184,Delhi,Delhi,1147008184
Gargi College,011-26497697,Delhi,Delhi,1126497697
Jesus and Mary College,011-26104765,Delhi,Delhi,1126104765
Dyal Singh College,011-24367819,Delhi,Delhi,1124367819
Daulat Ram College,9821382457,Delhi,Delhi,9821382457
Sri Venkateswara College,011-24115302,Delhi,Delhi,1124115302
Atma Ram Sanatan Dharma College,011-24607600,Delhi,Delhi,1124607600
Motilal Nehru College,011-26115244,Delhi,Delhi,1126115244
Shyam Lal College,011-22326591,Delhi,Delhi,1122326591
Janki Devi Memorial College,011-25452272,Delhi,Delhi,1125452272
Maitreyi College,011-26114555,Delhi,Delhi,1126114555
Maharaja Agrasen College,011-22610563,Delhi,Delhi,1122610563
Acharya Narendra Dev College,9839167801,Delhi,Delhi,9839167801
Shaheed Bhagat Singh College,011-24604001,Delhi,Delhi,1124604001
Keshav Mahavidyalaya,011-27663924,Delhi,Delhi,1127663924
Sri Aurobindo College,1140536164,Delhi,Delhi,1140536164
Bhim Rao Ambedkar College,011-22385823,Delhi,Delhi,1122385823
Kalindi College,011-26493388,Delhi,Delhi,1126493388
Lakshmibai College,011-25093441,Delhi,Delhi,1125093441
Delhi College of Arts and Commerce,011-27158007,Delhi,Delhi,1127158007
Jamia Millia Islamia,011-26981717,Delhi,Delhi,1126981717
Jawaharlal Nehru University,011-26742676,Delhi,Delhi,1126742676
Delhi Technological University,011-27871018,Delhi,Delhi,1127871018
Indraprastha Institute of IT,1126907405,Delhi,Delhi,1126907405
Amity University Delhi,0120-4392000,Delhi,Delhi,1204392000
Guru Gobind Singh Indraprastha Uni,011-25302140,Delhi,Delhi,1125302140
Lady Irwin College,20911123711222,Delhi,Delhi,20911123711222
College of Vocational Studies,011-26160531,Delhi,Delhi,1126160531
Zakir Husain Delhi College,011-23239212,Delhi,Delhi,1123239212
Satyawati College,8368897504,Delhi,Delhi,8368897504
Vivekananda College,011-27583226,Delhi,Delhi,1127583226
Shivaji College Delhi,011-25101010,Delhi,Delhi,1125101010
Loyola College,044-28178200,Chennai,Tamil Nadu,4428178200
Presidency College,044-28512454,Chennai,Tamil Nadu,4428512454
Stella Maris College,044-28275567,Chennai,Tamil Nadu,4428275567
PSG College of Arts and Science,0422-4391100,Coimbatore,Tamil Nadu,4224391100
Govt. Arts College,0422-2303890,Coimbatore,Tamil Nadu,4222303890
Madras Christian College,9444403976,Chennai,Tamil Nadu,9444403976
Annamalai University Constituent Coll,0414-4238259,Cuddalore,Tamil Nadu,4144238259
Sri Ramakrishna College of Arts,0422-2680620,Coimbatore,Tamil Nadu,4222680620
Womens Christian College,044-28274694,Chennai,Tamil Nadu,4428274694
IIT Madras,044-22578000,Chennai,Tamil Nadu,4422578000
Anna University,044-22357004,Chennai,Tamil Nadu,4422357004
University of Madras,044-25399422,Chennai,Tamil Nadu,4425399422
Pachaiyappa's College,044-26219500,Chennai,Tamil Nadu,4426219500
Government Arts College Chennai,044-25363552,Chennai,Tamil Nadu,4425363552
Queen Mary's College,044-28362936,Chennai,Tamil Nadu,4428362936
Lady Doak College,0452-2530527,Madurai,Tamil Nadu,4522530527
American College Madurai,0452-2530070,Madurai,Tamil Nadu,4522530070
Madurai Kamaraj University College,0452-2458462,Madurai,Tamil Nadu,4522458462
Thiagarajar College,0452-2312136,Madurai,Tamil Nadu,4522312136
Sri Krishna College of Engineering,0422-2678001,Coimbatore,Tamil Nadu,4222678001
Kumaraguru College of Technology,0422-2661100,Coimbatore,Tamil Nadu,4222661100
Kongu Engineering College,04294-226000,Erode,Tamil Nadu,4294226000
Salem College,0427-2230032,Salem,Tamil Nadu,4272230032
Periyar University College,0427-2345600,Salem,Tamil Nadu,4272345600
Bishop Heber College,0431-2200001,Tiruchirappalli,Tamil Nadu,4312200001
National College Tiruchirappalli,0431-2461105,Tiruchirappalli,Tamil Nadu,4312461105
Bharathidasan University College,0431-2407070,Tiruchirappalli,Tamil Nadu,4312407070
Jamal Mohamed College,0431-2340135,Tiruchirappalli,Tamil Nadu,4312340135
Holy Cross College,0431-2769090,Tiruchirappalli,Tamil Nadu,4312769090
Sathyabama Institute of Science,9940058263,Chennai,Tamil Nadu,9940058263
Sri Sairam Engineering College,4422512111,Chennai,Tamil Nadu,4422512111
Vel Tech University,18002127669,Chennai,Tamil Nadu,18002127669
SSN College of Engineering,044-27469700,Chennai,Tamil Nadu,4427469700
Ethiraj College for Women,044-28283919,Chennai,Tamil Nadu,4428283919
Dr. Ambedkar Govt. Arts College,044-25361731,Chennai,Tamil Nadu,4425361731
Govt. Arts College Nandanam,044-24330200,Chennai,Tamil Nadu,4424330200
Rajalakshmi Engineering College,044-37181000,Chennai,Tamil Nadu,4437181000
Govt. Arts College Coimbatore,0422-2303890,Coimbatore,Tamil Nadu,4222303890

